Tweet,Polarity,Subjectivity
"#Corona Info for #USA:
New Cases: 6762
Today Recovery: 36489
Today Deaths: 96
Total Active Cases: 921546
Total Cases: 106611512
Total Recovery: 104530304
Total Deaths: 1159662
#Coronavirus  #Covid19 #Covid_19 #SARSCoV2 #StaySafe 

Source: 'CoronaTrackerNepal_bot' #Telegram.",0.0005050505050505036,0.6757575757575758
"#Corona Info for #USA:
New Cases: 3947
Today Recovery: 27895
Today Deaths: 39
Total Active Cases: 922643
Total Cases: 106603932
Total Recovery: 104521710
Total Deaths: 1159579
#Coronavirus  #Covid19 #Covid_19 #SARSCoV2 #StaySafe 

Source: 'CoronaTrackerNepal_bot' #Telegram.",0.0005050505050505036,0.6757575757575758
"#Corona Info for #USA:
New Cases: 2876
Today Recovery: 17905
Today Deaths: 21
Total Active Cases: 925814
Total Cases: 106597047
Total Recovery: 104511720
Total Deaths: 1159513
#Coronavirus  #Covid19 #Covid_19 #SARSCoV2 #StaySafe 

Source: 'CoronaTrackerNepal_bot' #Telegram.",0.0005050505050505036,0.6757575757575758
"@ChrisGriscom on the #corona #virus #COVID19: 
https://t.co/bDpocYu1I9",0.0,0.0
"#Corona Info for #USA:
New Cases: 2041
Today Recovery: 4926
Today Deaths: 18
Total Active Cases: 931398
Total Cases: 106589595
Total Recovery: 104498741
Total Deaths: 1159456
#Coronavirus  #Covid19 #Covid_19 #SARSCoV2 #StaySafe 

Source: 'CoronaTrackerNepal_bot' #Telegram.",0.0005050505050505036,0.6757575757575758
"#covid19 #covid #corona #vaccine #sarscov2 #pandemic

‚ÄúHe always joked that GB stood for ‚Äúgenetic bullet‚Äù, but the ever-growing team quietly understood that they worked for the Genetic Bioweapon Lab.‚Äù

Paperback or $2.99 eBook https://t.co/qjxyJ74t3n https://t.co/ol96nqtAUh",0.0,0.3333333333333333
"#Corona Info for #USA:
New Cases: 1691
Today Recovery: 2123
Today Deaths: 15
Total Active Cases: 931799
Total Cases: 106587169
Total Recovery: 104495938
Total Deaths: 1159432
#Coronavirus  #Covid19 #Covid_19 #SARSCoV2 #StaySafe 

Source: 'CoronaTrackerNepal_bot' #Telegram.",0.0005050505050505036,0.6757575757575758
"@ChrisGriscom on the #corona #virus #COVID19: 
https://t.co/bDpocYu1I9",0.0,0.0
Rand Paul Asks Samantha Power: 'Did USAID Fund Coronavirus Research? https://t.co/OFJ9HKr4Yy  #COVID19 #Corona #oversterfte,0.0,0.0
"RT @dsureshkumar: 421 patients test positive for #COVID19 in Tamil Nadu today (April 26). Here is the update. 

#Corona https://t.co/4LS3jA‚Ä¶",0.22727272727272727,0.5454545454545454
"421 patients test positive for #COVID19 in Tamil Nadu today (April 26). Here is the update. 

#Corona https://t.co/4LS3jAPU8g",0.22727272727272727,0.5454545454545454
"#Corona Info for #Nepal:
New Cases: 37
Today Recovery: 65
Today Deaths: 1
Total Active Cases: 361
Total Cases: 1002791
Total Recovery: 990402
Total Deaths: 12028
#Coronavirus  #Covid19 #Covid_19 #SARSCoV2 #StaySafe 

Source: 'CoronaTrackerNepal_bot' #Telegram.",0.0005050505050505036,0.6757575757575758
Governments throughout the world have offered an object lesson in how not to respond to a pandemic. The mainstream media has hardly helped - READ 'Horror Story': https://t.co/eT6shuh13e #Corona #covid19 #gold #inflation #fintwit https://t.co/u4WJglS9bJ,-0.2916666666666667,0.5416666666666666
@JioCinema Also tweet arjun tendulkar son of @sachin_rt  while eating boogers standing in playing ground #boogersEATER #ArjunTendulkar #SachinTendulkar #MumbaiIndians @mipaltan @IPL  ü§Æ#COVID19 #corona #booger,0.0,0.0
RT @ChanasitJonas: @ABStewardess This is what we should have already learned from the #dengue vaccine fiasco in the #Philippines @ScienceMa‚Ä¶,0.0,0.0
@ABStewardess This is what we should have already learned from the #dengue vaccine fiasco in the #Philippines @ScienceMagazine #Corona #COVID19 https://t.co/GupC0rEOqh,0.0,0.0
"COVID-19 Update: India reported 9,629 new cases of Covid-19 in the last 24 hours, according to a statement by the Union Health Ministry on Wednesday. 
#Corona #Coronavirus #India #HealthMinistry #Covid19 #LatestNews https://t.co/NEVfiA0rOz",0.06818181818181818,0.2606060606060606
by dr mishra. https://t.co/KPHxbNQtUt @Sampadananda #COVID19 #Corona,0.0,0.0
"With close to 40% rise, India recorded 9,629 fresh Covid-19 cases on Wednesday with a total of 6,1013 active cases. The fatality rose to 29 with 4,43,23,045 recoveries made so far. #COVID19 #covid #India #Corona #Worlddais 
Source: HT https://t.co/De9jJ8K9bA",0.1733333333333333,0.76
"@ChrisGriscom on the #corona #virus #COVID19: 
https://t.co/bDpocYu1I9",0.0,0.0
"#Corona Info for #USA:
New Cases: 2006
Today Recovery: 6799
Today Deaths: 33
Total Active Cases: 932246
Total Cases: 106585478
Total Recovery: 104493815
Total Deaths: 1159417
#Coronavirus  #Covid19 #Covid_19 #SARSCoV2 #StaySafe 

Source: 'CoronaTrackerNepal_bot' #Telegram.",0.0005050505050505036,0.6757575757575758
"#Corona Info for #USA:
New Cases: 1560
Today Recovery: 4055
Today Deaths: 22
Total Active Cases: 931948
Total Cases: 106582354
Total Recovery: 104491071
Total Deaths: 1159335
#Coronavirus  #Covid19 #Covid_19 #SARSCoV2 #StaySafe 

Source: 'CoronaTrackerNepal_bot' #Telegram.",0.0005050505050505036,0.6757575757575758
"#Corona Info for #USA:
New Cases: 1276
Today Recovery: 2886
Today Deaths: 17
Total Active Cases: 932838
Total Cases: 106582070
Total Recovery: 104489902
Total Deaths: 1159330
#Coronavirus  #Covid19 #Covid_19 #SARSCoV2 #StaySafe 

Source: 'CoronaTrackerNepal_bot' #Telegram.",0.0005050505050505036,0.6757575757575758
"#covid19 #covid #corona #vaccine #coronavirus #sarscov2 #pandemic #virus #wuhan #flu #bioweapon #disease
.

‚ÄúKyna‚Äôs mom sobbed as the line went dead.‚Äù

.
Buy now! Paperback or $2.99 eBook https://t.co/qjxyJ74t3n https://t.co/ISeODzdzse",-0.25,0.4
"It‚Äôs a great honor for me to be attributed this praise, ‚ÄòMagical Realism,‚Äô in the context of my winning short story. After all, it‚Äôs a definition and an art form that M√°rquez is widely regarded as the modern inventor of.‚Äù #Corona #COVID19 #Shortstory https://t.co/7zJlNwZqQ3",0.31666666666666665,0.5833333333333333
"Delhi Coronavirus Disease updates.

1095 people positive due to corona virus in Delhi in 24 hours, six people died.
#CharchaWithChandresh #CoronaVirusUpdates #corona #Coronavirus #COVID19",0.05113636363636363,0.4602272727272727
"RT @dsureshkumar: 470 patients test positive for #COVID19 in Tamil Nadu today (April 25). Here is the update. 

#Corona https://t.co/ostaBw‚Ä¶",0.22727272727272727,0.5454545454545454
"470 patients test positive for #COVID19 in Tamil Nadu today (April 25). Here is the update. 

#Corona https://t.co/ostaBwSc8W",0.22727272727272727,0.5454545454545454
Watch this full video COVID 19 ‡§Ö‡§≠‡•Ä ‡§ñ‡§º‡§§‡§Æ ‡§®‡§π‡•Ä ‡§π‡•Å‡§Ü ‡§π‡•à Be Safe Stay Home #covid19 #covid #khabreonline #COVID19 #COVID_19 #Corona #Coronavirus #LatestNews #latestupdate #newsevery #news24 #COVID„Éº19 https://t.co/Qor05kwU7a,0.425,0.525
"#MiddayNews |

Covid-19: Maharashtra logs 722 new cases, three deaths 

#COVID19 #COVID_19 #Maharashtra #NewCases #Corona #NewsUdates 

https://t.co/Cj9a0aK1rP",0.13636363636363635,0.45454545454545453
"#maharashtra #corona #covid #covid19
Covid 19 Update: Maharashtra reports 722 new Covid cases, 3 deaths
In the past 24 hours, Maharashtra registered 722 fresh cases, while 946 people successfully recovered from the infection
https://t.co/fxYDUTrANS",0.23409090909090907,0.5386363636363636
"According to the official data, the #Omicron XBB.1.16 variant is behind the majority of cases in the state.

Read: https://t.co/fknmuCYdty

#COVID19 #CovidIsNotOver #COVID_19 #Covid #Corona #coronavirusindia #coronaupdate #healthcare #Maharashtra #maharashtranews https://t.co/zoidEUP6Ri",-0.4,0.7
"In the last 24 hours, 6,660 new cases of corona were found in the country, the corona infection rate was recorded at 3.53 percent.
#CharchaWithChandresh #CoronaVirusUpdates #corona #Coronavirus #COVID19",0.06818181818181818,0.2606060606060606
"Coronavirus Covid 19 Latest News:

722 new cases of corona in Maharashtra today, 3 patients died. 
#CharchaWithChandresh #CoronaVirusUpdates #corona #Coronavirus #COVID19",0.3181818181818182,0.6772727272727272
"#Corona Info for #Nepal:
New Cases: 92
Today Recovery: 64
Today Deaths: 0
Total Active Cases: 390
Total Cases: 1002754
Total Recovery: 990337
Total Deaths: 12027
#Coronavirus  #Covid19 #Covid_19 #SARSCoV2 #StaySafe 

Source: 'CoronaTrackerNepal_bot' #Telegram.",0.0005050505050505036,0.6757575757575758
"Patent data shows #India among the top innovators in fight against #Covid

Read here: https://t.co/Mm5YzVI3Kg
#coronavirus #covid19 #corona #IndiaCovid https://t.co/GMqYxHBaOQ",0.5,0.5
"India has recorded 6,660 new coronavirus infections, while the active cases have decreased to 63,380, according to the Union Health Ministry data updated on Tuesday.

 https://t.co/f9nDi0LmQU

#india #infection #covid #corona #COVID19 #Health #cases #data",-0.13232323232323231,0.5848484848484848
"Delhi reported 689 new COVID-19 cases in the last 24 hours, while the positivity rate stood at 29.42%

https://t.co/85fdfy4zcC

#Corona #COVID19 #COVID19india #coronaindelhi #vaccination #cases #infection #virus https://t.co/ggAg1Cf1xL",0.06818181818181818,0.2606060606060606
RT @BlakePavey: Response to this video has been absolutely insane! Cannot thank everyone enough! 4.5 Million views on TikTok! #COVID19 #cov‚Ä¶,-0.5,0.75
RT @BlakePavey: TRUMP HAS COVID (Insta - blakepavey) #covid #trump #corona #usa #america #australia #viral #comedy #COVID19 https://t.co/D0‚Ä¶,0.0,0.0
"#MiddayNews | LIVE BLOG 

Mumbai LIVE News Updates: Mumbai reports 59 new cases of Covid-19, active tally at 1,264

#Mumbai #Covid #Covid19 #Corona #CovidIsNotOver #CoronaUpdate #MaharashtraNews #LiveUpdate #LiveNews 

https://t.co/dDNOJeSIEP",0.06893939393939394,0.5136363636363637
"#Corona Info for #USA:
New Cases: 1226
Today Recovery: 11435
Today Deaths: 4
Total Active Cases: 934465
Total Cases: 106580794
Total Recovery: 104487016
Total Deaths: 1159313
#Coronavirus  #Covid19 #Covid_19 #SARSCoV2 #StaySafe 

Source: 'CoronaTrackerNepal_bot' #Telegram.",0.0005050505050505036,0.6757575757575758
"RT @LawrenceSellin: THE LABORATORY ORIGIN OF #COVID19 AND THE ONGOING COVER-UP OF ITS ORIGIN, THE STRUCTURE OF CHINA‚ÄôS BIOWARFARE PROGRAM A‚Ä¶",0.0,0.0
"#Corona Info for #USA:
New Cases: 166
Today Recovery: 2683
Today Deaths: 3
Total Active Cases: 941098
Total Cases: 106578672
Total Recovery: 104478264
Total Deaths: 1159310
#Coronavirus  #Covid19 #Covid_19 #SARSCoV2 #StaySafe 

Source: 'CoronaTrackerNepal_bot' #Telegram.",0.07186147186147186,0.7220779220779221
"RT @BerkerDalmis: Gm #Nft Fam ‚òïÔ∏èü¶ã‚òÆÔ∏è

I minted my first work at the Foundation @withFND 

I witnessed moments of how the Corona virus affect‚Ä¶",0.25,0.3333333333333333
"@ChrisGriscom on the #corona #virus #COVID19: 
https://t.co/bDpocYu1I9",0.0,0.0
#India Supreme Court judges test positive for COVID-19 https://t.co/gnH5TJ1sfw #Supreme Court #COVID19 #Corona Virus via @ap7am,0.22727272727272727,0.5454545454545454
"Masks Made Mandatory In Hospitals In Odisha
https://t.co/RVc3KHhz4p

#Odisha #Healthcare #COVID19 #CovidSurge #Corona #Health #CovidAlert",0.0,0.0
"RT @dsureshkumar: 491 patients test positive for #COVID19 in Tamil Nadu today (April 24). Here is the update. 

#Corona https://t.co/vf7vz1‚Ä¶",0.22727272727272727,0.5454545454545454
"7178 new cases of corona in the last 24 hours in the country.

#CharchaWithChandresh #CoronaVirusUpdates #corona #Coronavirus #COVID19",0.06818181818181818,0.2606060606060606
"Only 545 new cases of corona in Maharashtra, 2 patients died.

#CharchaWithChandresh #CoronaVirusUpdates #corona #Coronavirus #COVID19",0.06818181818181818,0.7272727272727273
"Odisha makes masks mandatory in hospitals as Covid cases witness stiff rise.

#Odisha #Healthcare #COVID19 #CovidSurge #Corona #Health #CovidAlert https://t.co/TeI7m3T9Nq",-0.21428571428571427,0.5
"Delhi corona Updates.
Lowest number of corona cases in last 14 days, only 689 new cases reported in 24 hours.

#CharchaWithChandresh #CoronaVirusUpdates #corona #Coronavirus #COVID19",0.04545454545454545,0.5070707070707071
"491 patients test positive for #COVID19 in Tamil Nadu today (April 24). Here is the update. 

#Corona https://t.co/vf7vz1Vp4Y",0.22727272727272727,0.5454545454545454
"#MiddayNews | 

Mumbai reports 59 new cases of Covid-19, active tally at 1,264 

#Mumbai #Corona #COVID19 #COVID19india #ActiveTally #NewsUpdates 

https://t.co/ASgLIjf08U",0.001515151515151511,0.5272727272727272
"#Corona Info for #Nepal:
New Cases: 64
Today Recovery: 72
Today Deaths: 0
Total Active Cases: 362
Total Cases: 1002662
Total Recovery: 990273
Total Deaths: 12027
#Coronavirus  #Covid19 #Covid_19 #SARSCoV2 #StaySafe 

Source: 'CoronaTrackerNepal_bot' #Telegram.",0.0005050505050505036,0.6757575757575758
"AstraZeneca overtakes Pfizer as crunch week for UK pharma looms

#astrazeneca #pfeizer #covid #corona #covid19

https://t.co/Y8AxR3jhGn",0.0,0.0
"RT @SandhyaTimes4u: Hello Readers! Here is #FrontPage of today's Sandhya Times 
#WrestlersProtest #COVID19 #Corona #MayorElections #Delhi h‚Ä¶",0.0,0.0
"""TFB - COVID 3.0""
#graffittiart #germanartist #berlin #artcollectors #artbaselmiami #popart  #corona #coviÃád19  #artweek #coolmovie #omicron #vaccinationdone‚úîÔ∏è #childrensfuture #weekendgallery  #galleryweekendberlin #chinapolitics  #chinatoday #actionmovies #scifimovies https://t.co/WMa1mbTZ3W",0.0,0.0
"RT @SandhyaTimes4u: Hello Readers! Here is #FrontPage of today's Sandhya Times 
#WrestlersProtest #COVID19 #Corona #MayorElections #Delhi h‚Ä¶",0.0,0.0
"RT @englishpardafas: COVID-19 Cases Surge: Health Ministry Calls Public for Urgent Vaccination
https://t.co/Tvq9DEiqrf
#COVID19 #Covid_19 #‚Ä¶",0.0,0.06666666666666667
"COVID-19 Cases Surge: Health Ministry Calls Public for Urgent Vaccination
https://t.co/Tvq9DEiqrf
#COVID19 #Covid_19 #COVIDVACCINE #Nepal @mohpnep #Corona #vaccination #virus #epardafas",0.0,0.06666666666666667
"RT @SandhyaTimes4u: Hello Readers! Here is #FrontPage of today's Sandhya Times 
#WrestlersProtest #COVID19 #Corona #MayorElections #Delhi h‚Ä¶",0.0,0.0
"Hyderabad Airport handled 21 mn passengers in 2022-23
#Hyderabad #GHIAL #GMRAirport #Sakshipostupdates #Coronavirus #Corona #Covid #Vaccination #Covid19 #CovidVaccines https://t.co/MimSZnAThy",0.0,0.0
"RT @SandhyaTimes4u: Hello Readers! Here is #FrontPage of today's Sandhya Times 
#WrestlersProtest #COVID19 #Corona #MayorElections #Delhi h‚Ä¶",0.0,0.0
"A total of 7,178 new Covid-19 cases were recorded in India in the last 24 hours, decreasing marginally from Sunday's case count of 10,112

https://t.co/87myvobUh3

#covid #coronavirusindia #corona #india #cases #COVID19",0.04545454545454545,0.42373737373737375
"Hello Readers! Here is #FrontPage of today's Sandhya Times 
#WrestlersProtest #COVID19 #Corona #MayorElections #Delhi https://t.co/FfoZFUkyut",0.0,0.0
"RT @BerkerDalmis: Gm #Nft Fam ‚òïÔ∏èü¶ã‚òÆÔ∏è

I minted my first work at the Foundation @withFND 

I witnessed moments of how the Corona virus affect‚Ä¶",0.25,0.3333333333333333
RT @GreenSwelfares: Foundation Day Of #DeraSachaSauda &amp; Anniversary Of Jaam-E-Insan Guru Ka | COVID PREVENTION KITS DISTRIBUTION-DSS VOLUNT‚Ä¶,0.0,0.0
RT @GreenSwelfares: 73rd Foundation Day Of #DeraSachaSauda &amp; 14th Anniversary Of Jaam-E-Insan Guru Ka | COVID PREVENTION KITS DISTRIBUTION-‚Ä¶,0.0,0.0
"RT @firstpost: COVID-19: India reports 7,178 new cases, 16 deaths

#COVID19 #Corona 

https://t.co/ndZvu2l80G",0.13636363636363635,0.45454545454545453
"COVID-19: India reports 7,178 new cases, 16 deaths

#COVID19 #Corona 

https://t.co/ndZvu2l80G",0.13636363636363635,0.45454545454545453
"#Corona Info for #USA:
New Cases: 470
Today Recovery: 440
Today Deaths: 2
Total Active Cases: 911265
Total Cases: 106542671
Total Recovery: 104472393
Total Deaths: 1159013
#Coronavirus  #Covid19 #Covid_19 #SARSCoV2 #StaySafe 

Source: 'CoronaTrackerNepal_bot' #Telegram.",0.0005050505050505036,0.6757575757575758
"@ChrisGriscom on the #corona #virus #COVID19: 
https://t.co/bDpocYu1I9",0.0,0.0
"RT @arraksmannen: 1/3
Nurse Erin reporting from inside Elmhurst Hospital - NYC during the first wave of COVID19 - 2020.

@erin_bsn #nurseer‚Ä¶",0.25,0.3333333333333333
"RT @arraksmannen: Covid vaccination, severe reactions &amp; injury.
Reports from journalist Jefferey Jaxen.

Jefferey: This is the most devasta‚Ä¶",0.5,0.5
"RT @arraksmannen: Covid vaccination, severe reactions &amp; injury.
Reports from journalist Jefferey Jaxen.

Jefferey: This is the most devasta‚Ä¶",0.5,0.5
"RT @dsureshkumar: 509 patients test positive for #COVID19 in Tamil Nadu today (April 23). Here is the update. 

#Corona https://t.co/xCHvdR‚Ä¶",0.22727272727272727,0.5454545454545454
"RT @BerkerDalmis: Gm #Nft Fam ‚òïÔ∏èü¶ã‚òÆÔ∏è

I minted my first work at the Foundation @withFND 

I witnessed moments of how the Corona virus affect‚Ä¶",0.25,0.3333333333333333
"RT @dsureshkumar: 509 patients test positive for #COVID19 in Tamil Nadu today (April 23). Here is the update. 

#Corona https://t.co/xCHvdR‚Ä¶",0.22727272727272727,0.5454545454545454
"509 patients test positive for #COVID19 in Tamil Nadu today (April 23). Here is the update. 

#Corona https://t.co/xCHvdRAjss",0.22727272727272727,0.5454545454545454
"India records 10,112 new Covid-19 cases, 67,806 active cases, 29 deaths in 24 hours

#thefreespeechmediareality #media #news #localnews #currentaffairs #covid #covid19 #covidcases #corona #coronavirus #infection #india #disease #health #healthnews

https://t.co/w6pO5gQQ37",0.001515151515151511,0.5272727272727272
"RT @officialbafty: PEUGEOT 508 GT-LINE 2020
WITH ORIGINAL CUSTOM DUTY 
CONDITION: FOREIGN USED
Location: Abuja
price: 26m
CALL üìû: 080332139‚Ä¶",0.125,0.4375
"#Corona Info for #Nepal:
New Cases: 41
Today Recovery: 54
Today Deaths: 0
Total Active Cases: 370
Total Cases: 1002598
Total Recovery: 990201
Total Deaths: 12027
#Coronavirus  #Covid19 #Covid_19 #SARSCoV2 #StaySafe 

Source: 'CoronaTrackerNepal_bot' #Telegram.",0.0005050505050505036,0.6757575757575758
"RT @PPaulCharles: There are just nine countries you can visit from #England, as of today, without test restrictions or quarantine at either‚Ä¶",0.0,0.0
"RT @LawrenceSellin: THE LABORATORY ORIGIN OF #COVID19 AND THE ONGOING COVER-UP OF ITS ORIGIN, THE STRUCTURE OF CHINA‚ÄôS BIOWARFARE PROGRAM A‚Ä¶",0.0,0.0
"RT @mid_day: #MiddayNews |

India logs 10,112 fresh Covid cases

#ndia #covid #COVID19 #Corona #CoronaVirus #NewsUpdate 

https://t.co/wel7‚Ä¶",0.3,0.5
"#MiddayNews |

India logs 10,112 fresh Covid cases

#ndia #covid #COVID19 #Corona #CoronaVirus #NewsUpdate 

https://t.co/wel7sljtAb",0.3,0.5
"RT @ETNowSwadesh: #CoronaVirusUpdate | ‡§™‡§ø‡§õ‡§≤‡•á 24 ‡§ò‡§Ç‡§ü‡•á ‡§Æ‡•á‡§Ç 10,112 ‡§®‡§è ‡§Æ‡§æ‡§Æ‡§≤‡•á ‡§¶‡§∞‡•ç‡§ú ‡§ï‡§ø‡§è ‡§ó‡§è

- Daily Positivity Rate- 7.03%
- Weekly Positivity Ra‚Ä¶",0.0,0.0
"#CoronaVirusUpdate | ‡§™‡§ø‡§õ‡§≤‡•á 24 ‡§ò‡§Ç‡§ü‡•á ‡§Æ‡•á‡§Ç 10,112 ‡§®‡§è ‡§Æ‡§æ‡§Æ‡§≤‡•á ‡§¶‡§∞‡•ç‡§ú ‡§ï‡§ø‡§è ‡§ó‡§è

- Daily Positivity Rate- 7.03%
- Weekly Positivity Rate- 5.43%
 - Total Recoveries- 4,42,92,854

#COVID19 #Corona #NewCases https://t.co/ezNH9FibGI",0.0,0.375
"RT @LawrenceSellin: THE LABORATORY ORIGIN OF #COVID19 AND THE ONGOING COVER-UP OF ITS ORIGIN, THE STRUCTURE OF CHINA‚ÄôS BIOWARFARE PROGRAM A‚Ä¶",0.0,0.0
"RT @LawrenceSellin: THE LABORATORY ORIGIN OF #COVID19 AND THE ONGOING COVER-UP OF ITS ORIGIN, THE STRUCTURE OF CHINA‚ÄôS BIOWARFARE PROGRAM A‚Ä¶",0.0,0.0
"RT @dsureshkumar: 519 patients test positive for #COVID19 in Tamil Nadu today (April 22). Here is the update. 

#Corona https://t.co/1TLl1j‚Ä¶",0.22727272727272727,0.5454545454545454
"CoronaVirus In India: The speed of corona is not decreasing, more than 12 thousand cases today

#News #Corona #Covid19 #Cases https://t.co/DLvpAu2ytB",0.5,0.5
"https://t.co/0xKbHtq73I
Game Name: Corona Virus Memory
Game Company: STA network
#ergameonline #games  #gamer  #gaming  #game #corona #lakeelsinore #menifee #perris #virus #corona #coronavirus #covid19 #memory #peacefully #everymoment #ÊÄù„ÅÑÂá∫",-0.23750000000000004,0.42500000000000004
"#Corona Info for #USA:
New Cases: 1361
Today Recovery: 16022
Today Deaths: 8
Total Active Cases: 911237
Total Cases: 106542201
Total Recovery: 104471953
Total Deaths: 1159011
#Coronavirus  #Covid19 #Covid_19 #SARSCoV2 #StaySafe 

Source: 'CoronaTrackerNepal_bot' #Telegram.",0.0005050505050505036,0.6757575757575758
"#Corona Info for #USA:
New Cases: 717
Today Recovery: 753
Today Deaths: 8
Total Active Cases: 925862
Total Cases: 106541557
Total Recovery: 104456684
Total Deaths: 1159011
#Coronavirus  #Covid19 #Covid_19 #SARSCoV2 #StaySafe 

Source: 'CoronaTrackerNepal_bot' #Telegram.",0.0005050505050505036,0.6757575757575758
"#Corona Info for #USA:
New Cases: 253
Today Recovery: 222
Today Deaths: 6
Total Active Cases: 925931
Total Cases: 106541093
Total Recovery: 104456153
Total Deaths: 1159009
#Coronavirus  #Covid19 #Covid_19 #SARSCoV2 #StaySafe 

Source: 'CoronaTrackerNepal_bot' #Telegram.",0.0005050505050505036,0.6757575757575758
"RT @LawrenceSellin: THE LABORATORY ORIGIN OF #COVID19 AND THE ONGOING COVER-UP OF ITS ORIGIN, THE STRUCTURE OF CHINA‚ÄôS BIOWARFARE PROGRAM A‚Ä¶",0.0,0.0
"RT @mid_day: #MiddayNews |

India records 12,193 new Covid-19 cases, active tally at 67,556

#India #Covid19 #Covid #Corona #CoronaVirus #C‚Ä¶",0.001515151515151511,0.5272727272727272
"RT @dsureshkumar: 519 patients test positive for #COVID19 in Tamil Nadu today (April 22). Here is the update. 

#Corona https://t.co/1TLl1j‚Ä¶",0.22727272727272727,0.5454545454545454
"519 patients test positive for #COVID19 in Tamil Nadu today (April 22). Here is the update. 

#Corona https://t.co/1TLl1jQosO",0.22727272727272727,0.5454545454545454
"#maharashtra #covid19 #corona
Covid cases surge in state, 850 new cases and 4 deaths reported
The state is experiencing a surge in coronavirus cases, and the latest update for the last 24 hours has been released
https://t.co/pFbapjBkJm",0.21212121212121213,0.47373737373737373
"RT @LawrenceSellin: THE LABORATORY ORIGIN OF #COVID19 AND THE ONGOING COVER-UP OF ITS ORIGIN, THE STRUCTURE OF CHINA‚ÄôS BIOWARFARE PROGRAM A‚Ä¶",0.0,0.0
"#Corona Info for #Nepal:
New Cases: 20
Today Recovery: 50
Today Deaths: 1
Total Active Cases: 383
Total Cases: 1002557
Total Recovery: 990147
Total Deaths: 12027
#Coronavirus  #Covid19 #Covid_19 #SARSCoV2 #StaySafe 

Source: 'CoronaTrackerNepal_bot' #Telegram.",0.0005050505050505036,0.6757575757575758
"RT @MagicalUnicorns: Purple and Gold Agate All-Over Print Face Mask #corona #virus #covid19 #social #distancing,  https://t.co/E1h4ZZE66V",0.03333333333333333,0.06666666666666667
"""We have produced 5-6 million doses as stock, current demand is zero in all hospitals‚Ä¶.‚Äù says Adar Poonawala, CEO, Serum Institute of India in Pune.
#COVID #Covid19 #Pune #Corona #boosterdose #India https://t.co/1M94I3MMHI",0.0,0.4
"#MiddayNews |

India records 12,193 new Covid-19 cases, active tally at 67,556

#India #Covid19 #Covid #Corona #CoronaVirus #CovidIsNotOver #Covid_19 #covidindia #coronaviruscase #Maharashtra #NewsUpdate 

https://t.co/nftQcuE7PH",0.001515151515151511,0.5272727272727272
"RT @MagicalUnicorns: Purple and Gold Agate All-Over Print Face Mask #corona #virus #covid19 #social #distancing,  https://t.co/E1h4ZZE66V",0.03333333333333333,0.06666666666666667
"India records 12,193 new Covid cases, 67,556 active cases, 42 deaths in 24 hours

#thefreespeechmediareality #media #news #localnews #currentaffairs #covid #covid19 #covidcases #corona #coronavirus #infection #india #disease #health #healthnews #india

https://t.co/t3GArUSVGQ",0.001515151515151511,0.5272727272727272
"3/3 ""If it is the latter case, we may be facing a prolonged health pandemic, and prevention would be the only viable strategy.""

Viele Studien und #LongCOVID #MECFS deuten auf ""the latter case"" hin.

#COVID #COVID19 #CovidIsNotOver #Corona #SARSCoV2 #Pandemie #Drosten #Lauterbach",0.0,0.3333333333333333
"Purple and Gold Agate All-Over Print Face Mask #corona #virus #covid19 #social #distancing,  https://t.co/E1h4ZZE66V",0.03333333333333333,0.06666666666666667
"As many as 12,193 new COVID-19 cases were reported in the last 24 hours pushing the active coronavirus caseload in India to 67,556, Ministry of Health and Family Welfare data revealed

https://t.co/85fdfy41n4

#COVID19 #corona #CovidIsNotOver #health #welfare #cases #india https://t.co/YgCK0MWLnO",0.12575757575757576,0.4053030303030303
"COVID-19 Update: As per the Union health ministry's latest update on April 22, the number of active Covid-19 cases in India has increased to 67,556, with 12,193 new cases recorded within the last 24 hours. 
#Covid19 #Coronavirus #Corona #Health #LatestNews https://t.co/jXkhtqm4XX",0.12575757575757576,0.5053030303030304
"According to the Union Health Ministry, the total active tally stands at 67,556.

Read: https://t.co/2XlQqUhQEo

#COVID19 #CovidIsNotOver #Covid_19 #Covid #covidindia #Coronavirus #Corona #coronavirusindia https://t.co/mio4owXCsk",-0.06666666666666667,0.675
"RT @LucMmontagnier: Shocking claims from French Nobel prize winner Luc Montagnier...
#COVID19 
#Vaccine
#Deathwithin2years
#Corona
#LucMont‚Ä¶",-0.5,0.5
"#covid19 #covid #corona #vaccine #coronavirus #sarscov2 #pandemic #virus #wuhan #flu #bioweapon #disease
.

‚ÄúKyna‚Äôs mom sobbed as the line went dead.‚Äù

.
Buy now! Paperback or $2.99 eBook https://t.co/qjxyJ74t3n https://t.co/YMJfgvDsDZ",-0.25,0.4
"#Corona Info for #USA:
New Cases: 4172
Today Recovery: 28179
Today Deaths: 35
Total Active Cases: 929958
Total Cases: 106540840
Total Recovery: 104451879
Total Deaths: 1159003
#Coronavirus  #Covid19 #Covid_19 #SARSCoV2 #StaySafe 

Source: 'CoronaTrackerNepal_bot' #Telegram.",0.0005050505050505036,0.6757575757575758
Arcturus ü¶† #COVID19 #Corona #virus üÜï https://t.co/ge8qC6DdRL,0.0,0.0
RT @anusha_puppala: The outsourcing staff of #GandhiHospital on Thursday met  @BJP4Telangana president @bandisanjay_bjp and filed a petitio‚Ä¶,0.0,0.0
"#Corona Info for #USA:
New Cases: 3438
Today Recovery: 8073
Today Deaths: 23
Total Active Cases: 938181
Total Cases: 106528837
Total Recovery: 104431773
Total Deaths: 1158883
#Coronavirus  #Covid19 #Covid_19 #SARSCoV2 #StaySafe 

Source: 'CoronaTrackerNepal_bot' #Telegram.",0.0005050505050505036,0.6757575757575758
"RT @krishna444_test: #Corona Info for #USA:
New Cases: 1726
Today Recovery: 2975
Today Deaths: 9
Total Active Cases: 940368
Total Cases: 10‚Ä¶",0.0007575757575757555,0.6386363636363637
"#Corona Info for #USA:
New Cases: 1726
Today Recovery: 2975
Today Deaths: 9
Total Active Cases: 940368
Total Cases: 106525894
Total Recovery: 104426675
Total Deaths: 1158851
#Coronavirus  #Covid19 #Covid_19 #SARSCoV2 #StaySafe 

Source: 'CoronaTrackerNepal_bot' #Telegram.",0.0005050505050505036,0.6757575757575758
"#Corona Info for #USA:
New Cases: 924
Today Recovery: 1664
Today Deaths: 4
Total Active Cases: 940882
Total Cases: 106525092
Total Recovery: 104425364
Total Deaths: 1158846
#Coronavirus  #Covid19 #Covid_19 #SARSCoV2 #StaySafe 

Source: 'CoronaTrackerNepal_bot' #Telegram.",0.0005050505050505036,0.6757575757575758
"RT @LawrenceSellin: THE LABORATORY ORIGIN OF #COVID19 AND THE ONGOING COVER-UP OF ITS ORIGIN, THE STRUCTURE OF CHINA‚ÄôS BIOWARFARE PROGRAM A‚Ä¶",0.0,0.0
"@ChrisGriscom on the #corona #virus #COVID19: 
https://t.co/bDpocYu1I9",0.0,0.0
RT @anusha_puppala: The outsourcing staff of #GandhiHospital on Thursday met  @BJP4Telangana president @bandisanjay_bjp and filed a petitio‚Ä¶,0.0,0.0
"RT @LawrenceSellin: THE LABORATORY ORIGIN OF #COVID19 AND THE ONGOING COVER-UP OF ITS ORIGIN, THE STRUCTURE OF CHINA‚ÄôS BIOWARFARE PROGRAM A‚Ä¶",0.0,0.0
"RT @LawrenceSellin: THE LABORATORY ORIGIN OF #COVID19 AND THE ONGOING COVER-UP OF ITS ORIGIN, THE STRUCTURE OF CHINA‚ÄôS BIOWARFARE PROGRAM A‚Ä¶",0.0,0.0
"The Union #HealthMinistry has become alert regarding the ever-increasing cases of #Corona in the country. The states &amp; union territories to which the #Letter has been sent include Tamil Nadu, #UttarPradesh , #Haryana, Karnataka, Kerala, Maharashtra, #Rajasthan &amp; #Delhi

#COVID19 https://t.co/kttMmekWW8",0.0,0.0
"#COVID19
#Union Health Secretary Rajesh Bhushan wrote a letter to the States-UTs. Strict #monitoring &amp; precaution of #Corona has been asked. A #Letter has been written to the #Chief Secretaries, #Principal Secretaries &amp; Health Secretaries of 8 #states &amp; #union territories. https://t.co/Z9pWRatWoT",0.0,0.0
"RT @dsureshkumar: 528 patients test positive for #COVID19 in Tamil Nadu today (April 21). Here is the update. 

#Corona https://t.co/3Dnty9‚Ä¶",0.22727272727272727,0.5454545454545454
"RT @dsureshkumar: 528 patients test positive for #COVID19 in Tamil Nadu today (April 21). Here is the update. 

#Corona https://t.co/3Dnty9‚Ä¶",0.22727272727272727,0.5454545454545454
"528 patients test positive for #COVID19 in Tamil Nadu today (April 21). Here is the update. 

#Corona https://t.co/3Dnty9kCOw",0.22727272727272727,0.5454545454545454
"RT @LawrenceSellin: THE LABORATORY ORIGIN OF #COVID19 AND THE ONGOING COVER-UP OF ITS ORIGIN, THE STRUCTURE OF CHINA‚ÄôS BIOWARFARE PROGRAM A‚Ä¶",0.0,0.0
"RT @MySalemCity: #Salem #corona #COVID19 #CoronaVirus #tamilnadu #india #mysalemcity 

Follow me @MySalemCity https://t.co/M9IhMFxfJT",0.0,0.0
"RT @LawrenceSellin: THE LABORATORY ORIGIN OF #COVID19 AND THE ONGOING COVER-UP OF ITS ORIGIN, THE STRUCTURE OF CHINA‚ÄôS BIOWARFARE PROGRAM A‚Ä¶",0.0,0.0
"RT @LawrenceSellin: THE LABORATORY ORIGIN OF #COVID19 AND THE ONGOING COVER-UP OF ITS ORIGIN, THE STRUCTURE OF CHINA‚ÄôS BIOWARFARE PROGRAM A‚Ä¶",0.0,0.0
"RT @LawrenceSellin: THE LABORATORY ORIGIN OF #COVID19 AND THE ONGOING COVER-UP OF ITS ORIGIN, THE STRUCTURE OF CHINA‚ÄôS BIOWARFARE PROGRAM A‚Ä¶",0.0,0.0
"RT @LawrenceSellin: THE LABORATORY ORIGIN OF #COVID19 AND THE ONGOING COVER-UP OF ITS ORIGIN, THE STRUCTURE OF CHINA‚ÄôS BIOWARFARE PROGRAM A‚Ä¶",0.0,0.0
"RT @LawrenceSellin: THE LABORATORY ORIGIN OF #COVID19 AND THE ONGOING COVER-UP OF ITS ORIGIN, THE STRUCTURE OF CHINA‚ÄôS BIOWARFARE PROGRAM A‚Ä¶",0.0,0.0
"RT @LawrenceSellin: THE LABORATORY ORIGIN OF #COVID19 AND THE ONGOING COVER-UP OF ITS ORIGIN, THE STRUCTURE OF CHINA‚ÄôS BIOWARFARE PROGRAM A‚Ä¶",0.0,0.0
"RT @LawrenceSellin: THE LABORATORY ORIGIN OF #COVID19 AND THE ONGOING COVER-UP OF ITS ORIGIN, THE STRUCTURE OF CHINA‚ÄôS BIOWARFARE PROGRAM A‚Ä¶",0.0,0.0
"RT @LawrenceSellin: THE LABORATORY ORIGIN OF #COVID19 AND THE ONGOING COVER-UP OF ITS ORIGIN, THE STRUCTURE OF CHINA‚ÄôS BIOWARFARE PROGRAM A‚Ä¶",0.0,0.0
"RT @LawrenceSellin: THE LABORATORY ORIGIN OF #COVID19 AND THE ONGOING COVER-UP OF ITS ORIGIN, THE STRUCTURE OF CHINA‚ÄôS BIOWARFARE PROGRAM A‚Ä¶",0.0,0.0
"#Corona Info for #Nepal:
New Cases: 64
Today Recovery: 46
Today Deaths: 1
Total Active Cases: 414
Total Cases: 1002537
Total Recovery: 990097
Total Deaths: 12026
#Coronavirus  #Covid19 #Covid_19 #SARSCoV2 #StaySafe 

Source: 'CoronaTrackerNepal_bot' #Telegram.",0.0005050505050505036,0.6757575757575758
#Memories: 3 years ago - the #wooden #throne (#wood #walk #hike #hiking #sunshine #sun #green #spring #meadow #goodbyewinter #Corona #COVID19) https://t.co/7yZF5E7TaE,0.09999999999999999,0.43333333333333335
"RT @MySalemCity: #Salem #corona #COVID19 #CoronaVirus #tamilnadu #india #mysalemcity 

Follow me @MySalemCity https://t.co/M9IhMFxfJT",0.0,0.0
"@MarcKrisnanto ‚ÄúOur review found no human experimental studies published in the English-language literature delineating person-to-person transmission of influenza.‚Äú Bridges et al. 2003 https://t.co/jyQm0kjiz7 
#FalseFlag #pandemics #svpolitik  #svpol #COVID19 #transmission #Coronavirus #Corona",0.05,0.25
"RT @MySalemCity: #Salem #corona #COVID19 #CoronaVirus #tamilnadu #india #mysalemcity 

Follow me @MySalemCity https://t.co/M9IhMFxfJT",0.0,0.0
"RT @MySalemCity: #Salem #corona #COVID19 #CoronaVirus #tamilnadu #india #mysalemcity 

Follow me @MySalemCity https://t.co/M9IhMFxfJT",0.0,0.0
"#Salem #corona #COVID19 #CoronaVirus #tamilnadu #india #mysalemcity 

Follow me @MySalemCity https://t.co/M9IhMFxfJT",0.0,0.0
"RT @Fewtrella1: 3,083 respondents.
#LongCovid #COVID19 
#covidlonga #covidlong  #Corona #apres20 #langtigscovid #langzeitcovid",0.0,0.0
"RT @Covid19Aust: Victoria, Australia.

Covid-19 total Active cases 

14 August: 7,877

1st September: 2,519

22nd September: 620

18th Octo‚Ä¶",-0.06666666666666667,0.675
"#Seal1=#Pestilence=#Covid19=#Coronaüëë
#Seal2=#Sword=#WW3üåé#LastWar
#Seal3=#Famine=#NesaraGesara=#GreatReset
#Seal4=#Death=#Govü™¶+‚õ™Ô∏èü™¶+ü§ëü™¶=#Newüåé

#GodsEnemies=
#One%ü§ë
#DevilsGov
#Slave‚õ™Ô∏è

#Edify10%
#NOT
#EarthsHarvest Of
#Moneyü™¶+
#InnerCourtü™®=#NarrowWay To
#Enter
#SpiritOfGod https://t.co/FoykFJ1mmg",0.0,0.0
"India reports 11,692 new Covid-19 cases, 66,170 active cases, 28 deaths in 24 hours

#thefreespeechmediareality #media #news #localnews #currentaffairs #covid #covid19 #covidcases #corona #mask #india #disease #health #healthnews #india

https://t.co/5TmPzkLdeY",0.001515151515151511,0.5272727272727272
"@narendramodi @PMOIndia @mansukhmandviya 
With the increasing #COVID cases, there shouldn‚Äôt be an option of getting 4th Vaccine on #CoWin
It‚Äôs been a year since me and my family getting the #BoosterDose.
#MannKiBaat 
#Corona #COVID19",0.0,0.0
"RT @Tom_RYM: Very Helpful! These are the symptoms of #coronavirus vs cold and flu, read and give awareness
#CoronavirusOutbreak #CoronaViru‚Ä¶",-0.175,0.65
"Please see below the link for our new ùó†ùóÆùóªùó±ùóÆùóøùó∂ùóª ÊôÆÈÄöËØù News Playlist.

https://t.co/7rfe3LPFc5

#news #covid19 #media #coronavirus #currentaffairs #breakingnews #journalism #follow #corona #like #trending #latestnews #politics #article #press #mandarin",0.13636363636363635,0.45454545454545453
"#Corona Info for #USA:
New Cases: 4304
Today Recovery: 46883
Today Deaths: 44
Total Active Cases: 941626
Total Cases: 106524168
Total Recovery: 104423700
Total Deaths: 1158842
#Coronavirus  #Covid19 #Covid_19 #SARSCoV2 #StaySafe 

Source: 'CoronaTrackerNepal_bot' #Telegram.",0.0005050505050505036,0.6757575757575758
"#Corona Info for #Germany:
New Cases: 1882
Today Recovery: 3900
Today Deaths: 109
Total Active Cases: 49338
Total Cases: 38392366
Total Recovery: 38170600
Total Deaths: 172428
#Coronavirus  #Covid19 #Covid_19 #SARSCoV2 #StaySafe 

Source: 'CoronaTrackerNepal_bot' #Telegram.",0.0005050505050505036,0.6757575757575758
"Please see below the link for our new Spanish ùê∏ùëÜùëÉùê¥ùëÅÃÉùëÇùêø News Playlist.

https://t.co/dulvCdKqsW

#news #covid19 #media #coronavirus #currentaffairs #breakingnews #journalism #follow #corona #like #trending #latestnews #politics #article #press #spanish #weallONthistogether",0.04545454545454545,0.15151515151515152
"Find the latest Croatian News here brought to you by the NEMBC.

https://t.co/Y07ionfGBE

#news #covid19 #media #coronavirus #currentaffairs #breakingnews #journalism #follow #corona #like #trending #latestnews #politics #article #press #croatian #vaccinesBringsUscloser",0.5,0.9
"#Corona Info for #USA:
New Cases: 3645
Today Recovery: 36781
Today Deaths: 35
Total Active Cases: 948223
Total Cases: 106520596
Total Recovery: 104413598
Total Deaths: 1158775
#Coronavirus  #Covid19 #Covid_19 #SARSCoV2 #StaySafe 

Source: 'CoronaTrackerNepal_bot' #Telegram.",0.0005050505050505036,0.6757575757575758
"#Corona Info for #USA:
New Cases: 1694
Today Recovery: 13604
Today Deaths: 12
Total Active Cases: 965875
Total Cases: 106514992
Total Recovery: 104390421
Total Deaths: 1158696
#Coronavirus  #Covid19 #Covid_19 #SARSCoV2 #StaySafe 

Source: 'CoronaTrackerNepal_bot' #Telegram.",0.0005050505050505036,0.6757575757575758
"#Corona Info for #USA:
New Cases: 1418
Today Recovery: 12999
Today Deaths: 7
Total Active Cases: 966209
Total Cases: 106514716
Total Recovery: 104389816
Total Deaths: 1158691
#Coronavirus  #Covid19 #Covid_19 #SARSCoV2 #StaySafe 

Source: 'CoronaTrackerNepal_bot' #Telegram.",0.0005050505050505036,0.6757575757575758
"@obscuradao @sssgallery @collective_eth @Thewickedhunt Hi, for Nft Bali üñ§üì∑ #photography 

""I witnessed moments of how the Corona virus affected the psychology of a musician and his family.From there I created a corona family collection"" ‚ù§Ô∏èüëá

 https://t.co/E6CwvF2Xih

@Tibalism   @NftSariyildiz 
#NFTphotograph #corona #COVID19 https://t.co/BfTfzeFVW5",0.0,0.0
"Don‚Äôt #LetItRip

#CovidIsNotOver #COVID #COVID19 #Corona #SARSCoV2 #LongCOVID #PostCOVID #√úbersterblichkeit #vaccinesPLUS 

#Durchseuchung stoppen! https://t.co/Mhm3qZvrL8",0.0,0.0
"@ChrisGriscom on the #corona #virus #COVID19: 
https://t.co/bDpocYu1I9",0.0,0.0
"Too many cases came in 24 hours Corona cases in Delhi

#News #Delhi #Corona #Covid19 #Cases https://t.co/wn16xihdLt",0.5,0.5
"1,603 New #Covid19 Cases in #Delhi, 1,116 #Corona cases in #Maharashtra https://t.co/q5Cfhh0QOc",0.13636363636363635,0.45454545454545453
RT @anusha_puppala: The outsourcing staff of #GandhiHospital on Thursday met  @BJP4Telangana president @bandisanjay_bjp and filed a petitio‚Ä¶,0.0,0.0
"#Corona Info for #Nepal:
New Cases: 72
Today Recovery: 61
Today Deaths: 0
Total Active Cases: 397
Total Cases: 1002473
Total Recovery: 990051
Total Deaths: 12025
#Coronavirus  #Covid19 #Covid_19 #SARSCoV2 #StaySafe 

Source: 'CoronaTrackerNepal_bot' #Telegram.",0.0005050505050505036,0.6757575757575758
RT @MSGFacility: Coronavirus is a looming threat that is affecting us all. But it doesn‚Äôt have to stop us from staying prepared and protect‚Ä¶,0.0,0.0
RT @anusha_puppala: The outsourcing staff of #GandhiHospital on Thursday met  @BJP4Telangana president @bandisanjay_bjp and filed a petitio‚Ä¶,0.0,0.0
RT @anusha_puppala: The outsourcing staff of #GandhiHospital on Thursday met  @BJP4Telangana president @bandisanjay_bjp and filed a petitio‚Ä¶,0.0,0.0
RT @anusha_puppala: The outsourcing staff of #GandhiHospital on Thursday met  @BJP4Telangana president @bandisanjay_bjp and filed a petitio‚Ä¶,0.0,0.0
"RT @bsindia: #India among 3 countries where vaccines' importance improved, according to #Unicef

Read here | https://t.co/tFEyGXcne7
#Covid‚Ä¶",0.0,0.0
"RT @dsureshkumar: 532 patients test positive for #COVID19 in Tamil Nadu today (April ). Here is the update. 

#Corona https://t.co/eEz3XLlH‚Ä¶",0.22727272727272727,0.5454545454545454
"532 patients test positive for #COVID19 in Tamil Nadu today (April ). Here is the update. 

#Corona https://t.co/eEz3XLlHH9",0.22727272727272727,0.5454545454545454
RT @MSGFacility: Coronavirus is a looming threat that is affecting us all. But it doesn‚Äôt have to stop us from staying prepared and protect‚Ä¶,0.0,0.0
"Unlocking Your Creative Muse: How to Find Inspiration 

Learn more:  https://t.co/Y5FAH12h3o 

#DenialManagement #CredentialingServices #MedicalCoding #RCMServices #AccountsReceivable #ARFollowUp #Reimbursement #Medicaid #Medicare #Health #Covid19 #Corona #Coronavirus #RCM",0.5,0.75
RT @anusha_puppala: The outsourcing staff of #GandhiHospital on Thursday met  @BJP4Telangana president @bandisanjay_bjp and filed a petitio‚Ä¶,0.0,0.0
RT @anusha_puppala: The outsourcing staff of #GandhiHospital on Thursday met  @BJP4Telangana president @bandisanjay_bjp and filed a petitio‚Ä¶,0.0,0.0
RT @anusha_puppala: The outsourcing staff of #GandhiHospital on Thursday met  @BJP4Telangana president @bandisanjay_bjp and filed a petitio‚Ä¶,0.0,0.0
"The outsourcing staff of #GandhiHospital on Thursday met  @BJP4Telangana president @bandisanjay_bjp and filed a petition, alleging that they were unfairly sacked despite working hard during the #COVID19 phase!

#Telangana #Hyderabad @newstapTweets #BJP #BandiSanjayKumar #Corona https://t.co/tx95MP5oIC",-0.4322916666666667,0.7708333333333333
"RT @bsindia: #India among 3 countries where vaccines' importance improved, according to #Unicef

Read here | https://t.co/tFEyGXcne7
#Covid‚Ä¶",0.0,0.0
"RT @bsindia: #India among 3 countries where vaccines' importance improved, according to #Unicef

Read here | https://t.co/tFEyGXcne7
#Covid‚Ä¶",0.0,0.0
"#India among 3 countries where vaccines' importance improved, according to #Unicef

Read here | https://t.co/tFEyGXcne7
#Covid19 #Corona #CovidVaccine https://t.co/OW480p1UxG",0.0,0.0
"26 tested positive due to Covid-19
#Covid #COVID19 #Coronavirus #Corona
https://t.co/LRQd1f3Qwd",0.05113636363636363,0.4602272727272727
"Coronavirus is a looming threat that is affecting us all. But it doesn‚Äôt have to stop us from staying prepared and protected! 
Visit us:
https://t.co/dIZxtVThSC
#covid19 #coronavirus #covid #corona #stayhome #virus #virus #virus #instagram #a #stayathome #pandemia https://t.co/KT0PZqrdMi",0.0,0.0
"Japan Confirms 11,589 New COVID Cases and 20 Deaths on the Last Day
https://t.co/uUKv2Uyujh
#LatestNews #WorldNews #COVID19 #Japan #corona @THAILANDMEDICA1 @NerdyNightly @GarethDavies007 @GarethDavies007 @PraiseKek https://t.co/TtnG4BgQ9o",0.06818181818181818,0.2606060606060606
"Rajnath Singh tests positive for Covid
#RajnathSingh #Sakshipostupdates #Coronavirus #Corona #Covid #Vaccination #Covid19 #Covidvaccine #Covidindia #Covidcases #Covaxin
https://t.co/UuH4jGVfkJ",0.22727272727272727,0.5454545454545454
"RT @thefreespeechmr: India: 12,591 fresh Covid cases, 65,286 active cases, 40 deaths in 24 hours

#thefreespeechmediareality #media #news #‚Ä¶",0.08333333333333333,0.55
"India: 12,591 fresh Covid cases, 65,286 active cases, 40 deaths in 24 hours

#thefreespeechmediareality #media #news #localnews #currentaffairs #covid #covid19 #covidcases #corona #coronavirus #infection #india #disease #health #healthnews #india

https://t.co/MZ96uISZU2",0.08333333333333333,0.55
"India reports 12,591 new Covid cases in last 24 hours, while the active cases increased to 65,286. The death toll has increased to 5,31,230 with 40 fatalities. 
#corona #COVID19 #India https://t.co/6yZDnK7KyW",0.0010101010101010073,0.3737373737373737
"RT @chandreshbind: The corona positive rate in India has reached above 5%.
In the last 24 hours, 12591 new cases of corona have been report‚Ä¶",0.09090909090909091,0.29166666666666663
"Delhi: #Corona cases are increasing again in the country, #central has revealed 12,591 cases have been reported in last 24hrs, in this cases #Omicron subvariant XBB.1.16 was the most

#Delhi #India #COVID19 #Modi #vaccines #virus https://t.co/RXMJ42c843",0.16666666666666666,0.2722222222222222
"The corona positive rate in India has reached above 5%.
In the last 24 hours, 12591 new cases of corona have been reported across the country.
#CharchaWithChandresh #CoronaVirusUpdates #corona #Coronavirus #COVID19",0.09090909090909091,0.29166666666666663
"#MiddayNews |

Is Covid-19 on the decline in Mumbai?

#Covid #Corona #COVID19 #CovidVaccines #CovidIsNotOver #Covid_19 #CoronaVirus #Mumbai #Maharashtra 
 
https://t.co/uNVJHeJAbH",0.0,0.0
"3,083 respondents.
#LongCovid #COVID19 
#covidlonga #covidlong  #Corona #apres20 #langtigscovid #langzeitcovid https://t.co/wpd8mqE1f2",0.0,0.0
"#Corona Info for #Germany:
New Cases: 2237
Today Recovery: 4600
Today Deaths: 104
Total Active Cases: 51465
Total Cases: 38390484
Total Recovery: 38166700
Total Deaths: 172319
#Coronavirus  #Covid19 #Covid_19 #SARSCoV2 #StaySafe 

Source: 'CoronaTrackerNepal_bot' #Telegram.",0.0005050505050505036,0.6757575757575758
"RT @dsureshkumar: 542 patients test positive for #COVID19 in Tamil Nadu today (April ). Here is the update. 

#Corona https://t.co/uA717jlu‚Ä¶",0.22727272727272727,0.5454545454545454
"#Corona Info for #USA:
New Cases: 7307
Today Recovery: 29231
Today Deaths: 60
Total Active Cases: 976237
Total Cases: 106511738
Total Recovery: 104376817
Total Deaths: 1158684
#Coronavirus  #Covid19 #Covid_19 #SARSCoV2 #StaySafe 

Source: 'CoronaTrackerNepal_bot' #Telegram.",0.0005050505050505036,0.6757575757575758
"#Corona Info for #USA:
New Cases: 2662
Today Recovery: 16665
Today Deaths: 17
Total Active Cases: 969397
Total Cases: 106492112
Total Recovery: 104364251
Total Deaths: 1158464
#Coronavirus  #Covid19 #Covid_19 #SARSCoV2 #StaySafe 

Source: 'CoronaTrackerNepal_bot' #Telegram.",0.0005050505050505036,0.6757575757575758
"#Corona Info for #USA:
New Cases: 1732
Today Recovery: 8021
Today Deaths: 5
Total Active Cases: 972693
Total Cases: 106486685
Total Recovery: 104355607
Total Deaths: 1158385
#Coronavirus  #Covid19 #Covid_19 #SARSCoV2 #StaySafe 

Source: 'CoronaTrackerNepal_bot' #Telegram.",0.0005050505050505036,0.6757575757575758
"#Corona Info for #USA:
New Cases: 1510
Today Recovery: 5505
Today Deaths: 5
Total Active Cases: 973663
Total Cases: 106485129
Total Recovery: 104353091
Total Deaths: 1158375
#Coronavirus  #Covid19 #Covid_19 #SARSCoV2 #StaySafe 

Source: 'CoronaTrackerNepal_bot' #Telegram.",0.0005050505050505036,0.6757575757575758
"#Corona Info for #USA:
New Cases: 1167
Today Recovery: 2278
Today Deaths: 2
Total Active Cases: 974921
Total Cases: 106483134
Total Recovery: 104349864
Total Deaths: 1158349
#Coronavirus  #Covid19 #Covid_19 #SARSCoV2 #StaySafe 

Source: 'CoronaTrackerNepal_bot' #Telegram.",0.0005050505050505036,0.6757575757575758
"Keep Em Vaxxinated!  https://t.co/TJsTHJwwN0

#AstraZeneca #Covid #covid19 #Nuremberg2 #pfizer #BillGatesBioTerrorist #corona #UK #USA #Europe #music #France #Australia #England #America #moonbin #vaxx",0.0,0.0
"@ChrisGriscom on the #corona #virus #COVID19: 
https://t.co/bDpocYu1I9",0.0,0.0
"RT @dsureshkumar: 542 patients test positive for #COVID19 in Tamil Nadu today (April ). Here is the update. 

#Corona https://t.co/uA717jlu‚Ä¶",0.22727272727272727,0.5454545454545454
"RT @NFMai: #LongCovid 

#CovidIsNotOver #COVID #COVID19 #Corona #SARSCoV2 

Don't #LetItRip",0.0,0.0
"RT @meindia24x7: ‡§≠‡§æ‡§∞‡§§ ‡§Æ‡•á‡§Ç ‡§ï‡•ã‡§∞‡•ã‡§®‡§æ ‡§ï‡•á ‡§®‡§è ‡§Æ‡§æ‡§Æ‡§≤‡•ã‡§Ç ‡§Æ‡•á‡§Ç 38% ‡§á‡§ú‡§æ‡§´‡§æ, Covid 19 active case latest updates in India
#india24x7 #covid19 #covid19 #cor‚Ä¶",0.18333333333333335,0.75
"#LongCovid 

#CovidIsNotOver #COVID #COVID19 #Corona #SARSCoV2 

Don't #LetItRip https://t.co/gjZ5TX70d3",0.0,0.0
"Delhi Corona update 
6 people died in the last 24 hours 
#CovidIsNotOver #COVID19
#Corona @Being_Nihal133",0.0,0.06666666666666667
"RT @dsureshkumar: 542 patients test positive for #COVID19 in Tamil Nadu today (April ). Here is the update. 

#Corona https://t.co/uA717jlu‚Ä¶",0.22727272727272727,0.5454545454545454
"RT @dsureshkumar: 542 patients test positive for #COVID19 in Tamil Nadu today (April ). Here is the update. 

#Corona https://t.co/uA717jlu‚Ä¶",0.22727272727272727,0.5454545454545454
"542 patients test positive for #COVID19 in Tamil Nadu today (April ). Here is the update. 

#Corona https://t.co/uA717jluub",0.22727272727272727,0.5454545454545454
The only thing we need to fear ‚Äì is fear itself https://t.co/fsX23vSIGa #Odysee via @OdyseeTeam #Corona #PLandemie #Plandemic #Scamdemic #Covid19 #Covid1984 #GreatReset #Agenda2030 #ID2020 #CBDC #Impfnebenwirkungen #vaccineinjuries,0.0,1.0
"RT @mid_day: #MiddayNews |

Tripura makes Covid test mandatory for people arriving from states with high positivity rate

#Tripura #COVID19‚Ä¶",0.16,0.5399999999999999
"RT @mid_day: #MiddayNews |

West Bengal govt issues Covid-19 advisory; urges vulnerable people to avoid crowded places

#WestBengal #Kolkat‚Ä¶",-0.5,0.5
"RT @mid_day: #MiddayNews |

India records 10,542 new Covid-19 cases, active tally at 63,562

#India #Covid #Covid19 #CovidIsNotOver #Corona‚Ä¶",0.001515151515151511,0.5272727272727272
"#Corona Info for #Nepal:
New Cases: 55
Today Recovery: 66
Today Deaths: 0
Total Active Cases: 386
Total Cases: 1002401
Total Recovery: 989990
Total Deaths: 12025
#Coronavirus  #Covid19 #Covid_19 #SARSCoV2 #StaySafe 

Source: 'CoronaTrackerNepal_bot' #Telegram.",0.0005050505050505036,0.6757575757575758
"#MiddayNews |

Tripura makes Covid test mandatory for people arriving from states with high positivity rate

#Tripura #COVID19 #Covid_19 #CovidIsNotOver #Covid #covidindia #Corona #CoronaVirus #CovidTest #NewsUpdate #Agartala 

https://t.co/HnH58GwWTT",0.16,0.5399999999999999
"#MiddayNews |

West Bengal govt issues Covid-19 advisory; urges vulnerable people to avoid crowded places

#WestBengal #Kolkata #COVID19india #Covid19 #Corona #CoronaVirus #NewsUpdate 

https://t.co/X5mrX1bGdW",-0.5,0.5
"#MiddayNews |

India records 10,542 new Covid-19 cases, active tally at 63,562

#India #Covid #Covid19 #CovidIsNotOver #Corona #CoronaVirus #IndiaNews #NewsUpdate 

https://t.co/81Yh66aXVh",0.001515151515151511,0.5272727272727272
"Coronavirus Covid-19  Most Impacted Countries - New Confirmed Cases
4/18/2023

More insights:
https://t.co/2y5PnwhINl

#coronavirus #COVID19  #COVID2019 #COVID2020 #COVID19Pandemic #CoronaUpdate #CoronavirusOutbreak #Covid19usa #Covid_19 #corona #covid19us #covid19uk https://t.co/ZNFsUJK6jj",0.3840909090909091,0.6136363636363636
"‡§≠‡§æ‡§∞‡§§ ‡§Æ‡•á‡§Ç ‡§ï‡•ã‡§∞‡•ã‡§®‡§æ ‡§ï‡•á ‡§®‡§è ‡§Æ‡§æ‡§Æ‡§≤‡•ã‡§Ç ‡§Æ‡•á‡§Ç 38% ‡§á‡§ú‡§æ‡§´‡§æ, Covid 19 active case latest updates in India
#india24x7 #covid19 #covid19 #coronavirus #corona #TrainAccident #MohammedSiraj
Anchor- @kumar_bankit Editor- @sagarboss243 

watch full video on Youtube:
https://t.co/fLKmCagxc5 https://t.co/lptH7B5b8C",0.2388888888888889,0.6833333333333332
"Coronavirus Covid-19  Most Impacted Countries - Total Cases
4/18/2023

More insights:
https://t.co/2y5PnwhINl

#coronavirus #COVID19  #COVID2019 #COVID2020 #COVID19Pandemic #CoronaUpdate #CoronavirusOutbreak #Covid19usa #Covid_19 #corona #covid19us #covid19uk https://t.co/6MKrqg9AYH",0.3333333333333333,0.5833333333333334
"The advisory says people should become more vigilant and cautious against #COVID19 amid rising cases.

Read: https://t.co/DfmXEQlGzi

#Covid_19 #CovidIsNotOver #Covid #Coronavirus #coronaupdate #Corona #healthcare #WestBengal #westbengalnews https://t.co/h9jRkKOHgT",0.5,0.5
"Telangana starts administering booster doses of Covid vaccine
#Telanganaupdates #TelanganaNews #Sakshipostupdates #Coronavirus #Corona #Covid #Vaccination #Covid19 #Covidvaccine #Covidindia #Covidcases #Covaxin
https://t.co/tL6NZXHmah",0.0,0.0
"RT @airportCNN: Attention Dear Passengers,
Covid is not completely eradicated
A little awareness can save you from Covid again
Follow the G‚Ä¶",-0.11875,0.45
"RT @airportCNN: Covid is not completely eradicated 
A little awareness can save you from covid again 

#kial #kannur #kannurtourism #flight‚Ä¶",-0.11875,0.45
"India reports 10,542 fresh Covid-19 cases, 63,562 active cases, 38 deaths in 24 hours

#thefreespeechmediareality #media #news #localnews #currentaffairs #covid #covid19 #covidcases #corona #mask #infection #india #disease #health #healthnews #india

https://t.co/ZEquk0MvQc",0.08333333333333333,0.55
"Coronavirus Covid-19  World Map for New Cases per 1 million of citizens
4/18/2023

More insights:
https://t.co/2y5PnwhINl

#coronavirus #COVID19  #COVID2019 #COVID2020 #COVID19Pandemic #CoronaUpdate #CoronavirusOutbreak #Covid19usa #Covid_19 #corona #covid19us #covid19uk https://t.co/INIosCIC2s",0.3181818181818182,0.4772727272727273
"RT @_Covid19_World_: Coronavirus Covid-19  World Daily Report
4/18/2023

More insights:
https://t.co/2y5PnwhINl

#coronavirus #COVID19  #CO‚Ä¶",0.25,0.25
"Coronavirus Covid-19  World Daily Report
4/18/2023

More insights:
https://t.co/2y5PnwhINl

#coronavirus #COVID19  #COVID2019 #COVID2020 #COVID19Pandemic #CoronaUpdate #CoronavirusOutbreak #Covid19usa #Covid_19 #corona #covid19us #covid19uk https://t.co/vERzTEp7ef",0.25,0.25
"The Eye of the Pfizer !
https://t.co/7dCIHaEKcO

#vaxxed #Pfizer #VaccineSideEffects 
#Cavs #USA #America #UnitedStates #Corona #COVID19 #BOOSTERchallenge Fox News
#Booster #LetEmKnow #Garland #UK #Australia #NewZealand #tuesdayvibe #Leafs
Clarke Schmidt
Matt Walsh
Danny Green",-0.2,0.3
"You Kill Us With Vaxxines!
https://t.co/XjvHvNMHG3

#COVID19 #corona #music #greatreset #USA #Agenda2030 #depopulation #BillGatesBioTerrorist #UK #Australia #KlausSchwab #vaxx #GoBolts #NY #Devils #Twitter #jab #KlausSchwabisthevirus #pandemic #vaxxed #Pfizer #VaccineSideEffects",0.0,0.0
"Keep Em Vaxxinated!

https://t.co/TJsTHJwwN0

#COVID19 #corona #music #greatreset #USA #Agenda2030 #depopulation #BillGatesBioTerrorist #UK #BeyondFast #KlausSchwab #PearlJam #GoBolts #NY #Devils #Twitter #jab #KlausSchwabisthevirus #pandemic #vaxxed #Pfizer #VaccineSideEffects",0.0,0.0
"Eatin Crow (Pearl Jam Parody) 
https://t.co/TgWGOS8iVM

#COVID19 #corona #music #greatreset #USA #Agenda2030 #depopulation #BillGatesBioTerrorist #Smartmatic #UK #BeyondFast #KlausSchwab #PearlJam #GoBolts #NoQuitInNY #Devils #TwitterÈÄöÁü• #jab",0.0,0.0
"All Jabbed Up !
https://t.co/1LyWVBDoLi

#COVID19 #corona #music #greatreset #USA #Agenda2030 #depopulation #BillGatesBioTerrorist #Smartmatic #UK #BeyondFast #KlausSchwab #Brogdon #DominionvFox #LightningStrikes PRINCESS BLACKOUT #GoBolts #NoQuitInNY #Devils #TwitterÈÄöÁü• #jab",0.0,0.0
"I'll be mocking you...
https://t.co/o1dGLZlpj1

#COVID19 #corona #music #greatreset #USA #Agenda2030 #depopulation #BillGatesBioTerrorist 
#Smartmatic #Rangers #BeyondFast #KlausSchwab 
#Brogdon #DominionvFox #LightningStrikes
PRINCESS BLACKOUT #GoBolts #NoQuitInNY
#Devils",0.0,0.0
RT @TheRabbit2022: @mattletiss7 Check Erin's scary report from inside the hospital in NYC - 2020. People without covid where put on ventila‚Ä¶,-0.5,1.0
"Please see below the link for our new Serbian News Playlist. https://t.co/157YT5TRmy

#news #covid19 #media #coronavirus #currentaffairs #breakingnews #journalism #follow #corona #like #trending #latestnews #politics #article #press #serbian",0.13636363636363635,0.45454545454545453
"Please see below the link for our new ùó†ùóÆùóªùó±ùóÆùóøùó∂ùóª ÊôÆÈÄöËØù News Playlist. https://t.co/XiWKcriUI8

#news #covid19 #media #coronavirus #currentaffairs #breakingnews #journalism #follow #corona #like #trending #latestnews #politics #article #press #mandarin",0.13636363636363635,0.45454545454545453
"@mattletiss7 Check Erin's scary report from inside the hospital in NYC - 2020. People without covid where put on ventilator, and died.

@joerogan @elonmusk #nurseerin #ventilator #covid19 #corona #fauci #who #vaccine #pfizer #billgates #Tedros #Adhanom

https://t.co/ek2yIJCML6",-0.5,1.0
"@ChrisGriscom on the #corona #virus #COVID19: 
https://t.co/bDpocYuzxH",0.0,0.0
"RT @dsureshkumar: 527 patients test positive for #COVID19 in Tamil Nadu today (April 18). Here is the update. 

#Corona https://t.co/MjZyA9‚Ä¶",0.22727272727272727,0.5454545454545454
#Delhi #Health bulletin 18 April 2023 today 1537 #Covid19 cases in registered. Positivity rate stands at 26.54%. 2 deaths reported where the primary cause is #Corona https://t.co/zrVbBT19Qi,0.4,0.5
"1537üî∫Ô∏è new cases with 794 recoveries and 5 deaths reported in Delhi today.
@124Thunderbolt @KP01011 @mravi39512029 @outbreak_india 
#corona #covid19 #CovidIsntOver  #xbb.1.16 https://t.co/ojUc2Z1ziO",0.13636363636363635,0.45454545454545453
RT @dustyblackfox: Plandemic 3: The Great Awakening TEASER https://t.co/1odNFPtF5N #PLandemie #Plandemic #Scamdemic #GreatReset #Agenda2030‚Ä¶,0.8,0.75
Plandemic 3: The Great Awakening TEASER https://t.co/1odNFPtF5N #PLandemie #Plandemic #Scamdemic #GreatReset #Agenda2030 #ID2020 #ClimateScam #Covid19 #Covid1984 #Corona #SarsCovFlu #JailTheDavosClowns,0.8,0.75
"RT @dsureshkumar: 527 patients test positive for #COVID19 in Tamil Nadu today (April 18). Here is the update. 

#Corona https://t.co/MjZyA9‚Ä¶",0.22727272727272727,0.5454545454545454
How do we regulate undomesticated animals? #COVID19 #covid #corona,0.0,0.0
"#BombshellSenate GOP report: #COVID19 leaked from #Wuhanlab where US funded gain-of-function research

#Coronavirus #Covid #Corona https://t.co/xkU9zkTSTv https://t.co/s5UO1Alrjm",0.0,0.0
"RT @dsureshkumar: 527 patients test positive for #COVID19 in Tamil Nadu today (April 18). Here is the update. 

#Corona https://t.co/MjZyA9‚Ä¶",0.22727272727272727,0.5454545454545454
"527 patients test positive for #COVID19 in Tamil Nadu today (April 18). Here is the update. 

#Corona https://t.co/MjZyA94LFd",0.22727272727272727,0.5454545454545454
"547üî∫Ô∏ènew cases with 235 recoveries and 2 deaths reported in Rajasthan today.
@124Thunderbolt @KP01011 @ANI @Gurkira40813159 @iamSandeepR @NhmRJOfficial 
#corona #covid19  #xbb.1.16 https://t.co/6LHQpEYGQg",0.0,0.0
"RT @bsindia: Over 430% rise in active #Covid cases in #Delhi since March-end, according to data.

https://t.co/gySEszPiQb
#Covid19 #corona‚Ä¶",-0.13333333333333333,0.6
"#Corona Info for #Nepal:
New Cases: 105
Today Recovery: 85
Today Deaths: 2
Total Active Cases: 397
Total Cases: 1002346
Total Recovery: 989924
Total Deaths: 12025
#Coronavirus  #Covid19 #Covid_19 #SARSCoV2 #StaySafe 

Source: 'CoronaTrackerNepal_bot' #Telegram.",0.0005050505050505036,0.6757575757575758
"RT @bsindia: Over 430% rise in active #Covid cases in #Delhi since March-end, according to data.

https://t.co/gySEszPiQb
#Covid19 #corona‚Ä¶",-0.13333333333333333,0.6
"Over 430% rise in active #Covid cases in #Delhi since March-end, according to data.

https://t.co/gySEszPiQb
#Covid19 #corona #India #CovidIndia https://t.co/Wx7P5NWHJG",-0.13333333333333333,0.6
"Coronavirus Covid-19  Most Impacted Countries - New Confirmed Cases
4/17/2023

More insights:
https://t.co/2y5PnwhINl

#coronavirus #COVID19  #COVID2019 #COVID2020 #COVID19Pandemic #CoronaUpdate #CoronavirusOutbreak #Covid19usa #Covid_19 #corona #covid19us #covid19uk https://t.co/zTcZ4R8j9X",0.3840909090909091,0.6136363636363636
"Coronavirus Covid-19  Most Impacted Countries - Total Cases
4/17/2023

More insights:
https://t.co/2y5PnwhINl

#coronavirus #COVID19  #COVID2019 #COVID2020 #COVID19Pandemic #CoronaUpdate #CoronavirusOutbreak #Covid19usa #Covid_19 #corona #covid19us #covid19uk https://t.co/EtPnXeByAN",0.3333333333333333,0.5833333333333334
"Coronavirus Covid-19  World Map for New Cases per 1 million of citizens
4/17/2023

More insights:
https://t.co/2y5PnwhINl

#coronavirus #COVID19  #COVID2019 #COVID2020 #COVID19Pandemic #CoronaUpdate #CoronavirusOutbreak #Covid19usa #Covid_19 #corona #covid19us #covid19uk https://t.co/qPfj4SXab8",0.3181818181818182,0.4772727272727273
"India: 7,633 new Coronavirus cases, 61,233 active cases, 11 deaths in 24 hours

#thefreespeechmediareality #media #news #localnews #currentaffairs #covid #covid19 #covidcases #corona #coronavirus #infection #india #disease #health #healthnews #india

https://t.co/oZE459LqFz",0.001515151515151511,0.5272727272727272
"Coronavirus Covid-19  World Daily Report
4/17/2023

More insights:
https://t.co/2y5PnwhINl

#coronavirus #COVID19  #COVID2019 #COVID2020 #COVID19Pandemic #CoronaUpdate #CoronavirusOutbreak #Covid19usa #Covid_19 #corona #covid19us #covid19uk https://t.co/gvAYuUCxDg",0.25,0.25
"RT @vohrabs: Any guidelines on masks, tests, markets, public transport as well as treatment of #Corona #COVID19 in Delhi ?

@ArvindKejriwal‚Ä¶",0.0,0.06666666666666667
"Any guidelines on masks, tests, markets, public transport as well as treatment of #Corona #COVID19 in Delhi ?

@ArvindKejriwal @LtGovDelhi @Saurabh_MLAgk @AtishiAAP @htdelhi @TOIDelhi @DilliTak
@JagranNews @NavbharatTimes https://t.co/XzOavczMEx",0.0,0.06666666666666667
"#Corona Info for #USA:
New Cases: 2079
Today Recovery: 17203
Today Deaths: 13
Total Active Cases: 979986
Total Cases: 106475031
Total Recovery: 104336790
Total Deaths: 1158255
#Coronavirus  #Covid19 #Covid_19 #SARSCoV2 #StaySafe 

Source: 'CoronaTrackerNepal_bot' #Telegram.",0.0005050505050505036,0.6757575757575758
"#Corona Info for #USA:
New Cases: 1984
Today Recovery: 17089
Today Deaths: 12
Total Active Cases: 980006
Total Cases: 106474936
Total Recovery: 104336676
Total Deaths: 1158254
#Coronavirus  #Covid19 #Covid_19 #SARSCoV2 #StaySafe 

Source: 'CoronaTrackerNepal_bot' #Telegram.",0.0005050505050505036,0.6757575757575758
"#Corona Info for #USA:
New Cases: 1756
Today Recovery: 16400
Today Deaths: 12
Total Active Cases: 980318
Total Cases: 106474559
Total Recovery: 104335987
Total Deaths: 1158254
#Coronavirus  #Covid19 #Covid_19 #SARSCoV2 #StaySafe 

Source: 'CoronaTrackerNepal_bot' #Telegram.",0.0005050505050505036,0.6757575757575758
"RT @krishna444_test: #Corona Info for #USA:
New Cases: 1579
Today Recovery: 14593
Today Deaths: 12
Total Active Cases: 981326
Total Cases:‚Ä¶",0.0007575757575757555,0.6386363636363637
"#Corona Info for #USA:
New Cases: 1579
Today Recovery: 14593
Today Deaths: 12
Total Active Cases: 981326
Total Cases: 106473750
Total Recovery: 104334180
Total Deaths: 1158244
#Coronavirus  #Covid19 #Covid_19 #SARSCoV2 #StaySafe 

Source: 'CoronaTrackerNepal_bot' #Telegram.",0.0005050505050505036,0.6757575757575758
"#Corona Info for #USA:
New Cases: 882
Today Recovery: 6499
Today Deaths: 5
Total Active Cases: 983136
Total Cases: 106467387
Total Recovery: 104326086
Total Deaths: 1158165
#Coronavirus  #Covid19 #Covid_19 #SARSCoV2 #StaySafe 

Source: 'CoronaTrackerNepal_bot' #Telegram.",0.0005050505050505036,0.6757575757575758
"@ChrisGriscom on the #corona #virus #COVID19: 
https://t.co/bDpocYu1I9",0.0,0.0
"RT @TheRabbit2022: @ClareCraigPath @JohnBoweActor Check this, scary report from inside the hospital in NYC. People without covid where put‚Ä¶",-0.5,1.0
"RT @TheRabbit2022: @ClareCraigPath @JohnBoweActor Check this, scary report from inside the hospital in NYC. People without covid where put‚Ä¶",-0.5,1.0
"Leap to faith!
#Human hope wears it and #shares it

Oh, did we mentioned this #fashion #style is extraordinary?
#beautiful #beauty #corona #coronavirus #covid #covid19 #covid19news #covid_19 #depression #fashion #like #follow #healing #instagood #love #mentalhealth #staysafe #rt https://t.co/GUdODrP3lO",0.42083333333333334,0.675
"RT @BerkerDalmis: Gm #Nft Fam ‚òïÔ∏èü¶ã‚òÆÔ∏è

I minted my first work at the Foundation @withFND 

I witnessed moments of how the Corona virus affect‚Ä¶",0.25,0.3333333333333333
"#covid19 #covid #corona #vaccine #coronavirus #sarscov2 #pandemic #virus #wuhan #flu #bioweapon #disease
.

‚ÄúKyna‚Äôs mom sobbed as the line went dead.‚Äù

.
Buy now! Paperback or $2.99 eBook https://t.co/qjxyJ74t3n",-0.25,0.4
"Corona Virus Remedies 2023 
Watch both the parts completely &amp; Share it to the maximum people. 

https://t.co/YIUMmPgWVI 
https://t.co/mrlzyFD0cL 

#coronavirus
#coronavirusvaccine
#corona
#virus
#coronahomeremedies
#covid
#covid19
#coronanews
#CoronaUpdate https://t.co/ogAelokcWQ",0.1,0.4
"The family of a 35-year-old man in the Indian state of Madhya Pradesh had the shock of their lives when he showed up at their house, two years after they performed his last rites.

https://t.co/FudSdyCSCO

#India #Covid #Covid19 #Corona #Coronavirus https://t.co/bnjUKimUbr",0.0,0.06666666666666667
"Covid cases on the rise, people must wear masks at public places: SAS Nagar DC Aashika Jain  https://t.co/xFLSRtUvY3

#AashikaJain #IAS #DC #DeputyCommissioner #SASNagar #FaceMasks #Punjab #CoronaCases #CovidCases #Coronavirus #COVID19 #Corona #Covid",0.0,0.06666666666666667
"RT @dsureshkumar: 521 patients test positive for #COVID19 in Tamil Nadu today (April 17). Here is the update. 

#Corona https://t.co/7yXSYj‚Ä¶",0.22727272727272727,0.5454545454545454
"521 patients test positive for #COVID19 in Tamil Nadu today (April 17). Here is the update. 

#Corona https://t.co/7yXSYjKf3d",0.22727272727272727,0.5454545454545454
"RT @TheRabbit2022: @ClareCraigPath @JohnBoweActor Check this, scary report from inside the hospital in NYC. People without covid where put‚Ä¶",-0.5,1.0
"#Corona Info for #Nepal:
New Cases: 63
Today Recovery: 60
Today Deaths: 1
Total Active Cases: 379
Total Cases: 1002241
Total Recovery: 989839
Total Deaths: 12023
#Coronavirus  #Covid19 #Covid_19 #SARSCoV2 #StaySafe 

Source: 'CoronaTrackerNepal_bot' #Telegram.",0.0005050505050505036,0.6757575757575758
"RT @MagicalUnicorns: Purple and Gold Agate All-Over Print Face Mask #corona #virus #covid19 #social #distancing,  https://t.co/lmmxQbObj4",0.03333333333333333,0.06666666666666667
"RT @MySalemCity: #Salem #Corona #coronavirus #COVID19 #tamilnadu #mask 

Follow me @MySalemCity https://t.co/QCijs57Yx6",0.0,0.0
"#MiddayNews |

India records 9,111 new Covid-19 cases, active tally at 60,313

#Covid19 #India #CovidUpdate #Corona 

https://t.co/tbkTNXFePN",0.001515151515151511,0.5272727272727272
"RT @MySalemCity: #Salem #Corona #coronavirus #COVID19 #tamilnadu #mask 

Follow me @MySalemCity https://t.co/QCijs57Yx6",0.0,0.0
"#Salem #Corona #coronavirus #COVID19 #tamilnadu #mask 

Follow me @MySalemCity https://t.co/QCijs57Yx6",0.0,0.0
"#maharashtra #pune #xbb116variant #corona #covid19
Pune discovers new, highly infectious COVID-19 variant
The country is currently facing a surge in COVID-19 cases due to the emergence of a new variant named 'XBB
https://t.co/Znv5d2MjLI",0.06154545454545455,0.44481818181818183
"India recorded a single-day increase of 10,158 Coronavirus cases, the highest number in nearly eight months, according to data updated by the Union Health Ministry.

#Indian #Corona #COVID19 

https://t.co/zzCyIweTPR",0.1,0.4
"https://t.co/pZ9noUZ77V
Game Name: Virus Crasher
Game Company: Fun Best Games
#ergameonline #games  #gamer  #gaming  #game #virus #corona #coronavirus #covid19",0.019999999999999997,0.34
"Coronavirus Covid-19  Most Impacted Countries - Total Cases
4/16/2023

More insights:
https://t.co/2y5PnwhINl

#coronavirus #COVID19  #COVID2019 #COVID2020 #COVID19Pandemic #CoronaUpdate #CoronavirusOutbreak #Covid19usa #Covid_19 #corona #covid19us #covid19uk https://t.co/5WENuDicQ1",0.3333333333333333,0.5833333333333334
"After registering over 10,000 Covid cases for four consecutive days, India on Monday reported 9,111 new infections in the country

https://t.co/Db32wk6Tlg

#covid #corona #health #covid19 #infection #virus #india",0.13636363636363635,0.45454545454545453
"Coronavirus Covid-19  Most Impacted Countries - New Confirmed Cases
4/16/2023

More insights:
https://t.co/2y5PnwhINl

#coronavirus #COVID19  #COVID2019 #COVID2020 #COVID19Pandemic #CoronaUpdate #CoronavirusOutbreak #Covid19usa #Covid_19 #corona #covid19us #covid19uk https://t.co/sTLhFFV9A8",0.3840909090909091,0.6136363636363636
"Corona Virus Remedies 2023
Watch Completely - 
üëáüëáüëáüëáüëáüëáüëáüëáüëá
https://t.co/YIUMmPgWVI 

Share this video to the Maximum people. 
#coronavirus
#coronavirusvaccine
#corona
#virus
#covid
#covid19
#coronanews
#coronaupdate https://t.co/RWUyY00btG",0.1,0.4
"Long Covid severity may be similar to flu: Study
#ECCMID #Sakshipostupdates #Coronavirus #Corona #Covid #Vaccination #Covid19 #Covidvaccine #Covidindia #Covidcases #Covaxin
https://t.co/YGTijyb8Ly",-0.025,0.4
"@ClareCraigPath @JohnBoweActor Check this, scary report from inside the hospital in NYC. People without covid where put on ventilator, and died.

#nurseerin #ventilator #covid19 #corona #fauci #who #vaccine #pfizer

https://t.co/ek2yIJCeVy",-0.5,1.0
"India reports 9,111 new Covid cases, 60,313 active cases, 27 deaths in 24 hours

#thefreespeechmediareality #media #news #localnews #currentaffairs #covid #covid19 #covidcases #corona #infection #india #disease #health #healthnews #india

https://t.co/bXJCESj2sc",0.001515151515151511,0.5272727272727272
"Coronavirus Covid-19  World Map for New Cases per 1 million of citizens
4/16/2023

More insights:
https://t.co/2y5PnwhINl

#coronavirus #COVID19  #COVID2019 #COVID2020 #COVID19Pandemic #CoronaUpdate #CoronavirusOutbreak #Covid19usa #Covid_19 #corona #covid19us #covid19uk https://t.co/rIEXbsNVpa",0.3181818181818182,0.4772727272727273
